Win_Rate (%),Avg_Profit (%),Avg_Loss (%),Avg_Drawdown,Percent_Drawdown (%)
25.457875457875456,6.215142212256591,-5.320932407326246,-18.847614002433744,-6.2849276910651275
